<?xml version="1.0" encoding="UTF-8"?>
<!DOCTYPE suite SYSTEM "http://testng.org/testng-1.0.dtd">
<suite name="Suite">
	<parameter name="browser" value="chrome" />
	<parameter name="url"
		value="http://automationpractice.com/index.php" />
	<parameter name="usName"
		value="merlin.williamson@hotmail.com" />
	<parameter name="pasword" value="raju123" />
	<test thread-count="5" name="Test">
		<classes>
			<!-- <class name="Test.registrationTest" />
			<class name="Test.loginTest" /> -->
			<class name="Test.productCheckoutTest" />
		</classes>
	</test> <!-- Test -->
</suite> <!-- Suite -->
